City_ID,City,Lat,Lng,Max Temp,Humidity,Cloudiness,Wind Speed,Country,Date
0,east london,-33.0153,27.9116,67.14,63.0,75.0,4.61,ZA,1675010582.0
1,cherskiy,68.75,161.3,-14.4,98.0,77.0,1.77,RU,1675010582.0
2,kodiak,57.79,-152.4072,35.11,100.0,100.0,0.0,US,1675010582.0
3,santa cruz,-17.8,-63.1667,82.45,74.0,75.0,14.97,BO,1675010583.0
4,rikitea,-23.1203,-134.9692,78.55,74.0,77.0,10.87,PF,1675010583.0
5,kavieng,-2.5744,150.7967,82.54,76.0,64.0,7.78,PG,1675010583.0
6,zalantun,48.0,122.7167,-6.45,92.0,4.0,5.55,CN,1675010583.0
7,sarakhs,36.5449,61.1577,42.89,49.0,76.0,3.58,IR,1675010583.0
8,kapaa,22.0752,-159.319,71.92,70.0,100.0,23.02,US,1675010583.0
10,te anau,-45.4167,167.7167,49.89,63.0,81.0,0.63,NZ,1675010584.0
11,vaini,-21.2,-175.2,75.36,94.0,20.0,0.0,TO,1675010584.0
12,mashhad,36.297,59.6062,39.34,56.0,0.0,6.91,IR,1675010584.0
13,ushuaia,-54.8,-68.3,49.66,87.0,100.0,21.85,AR,1675010584.0
14,albany,42.6001,-73.9662,42.73,72.0,100.0,6.55,US,1675010584.0
15,maku,39.2911,44.4521,31.57,90.0,85.0,1.01,IR,1675010584.0
16,puerto ayora,-0.7393,-90.3518,82.36,92.0,89.0,5.99,EC,1675010585.0
17,hobart,-42.8794,147.3294,60.66,87.0,100.0,5.75,AU,1675010356.0
18,tiksi,71.6872,128.8694,-35.01,97.0,90.0,7.4,RU,1675010585.0
19,skjervoy,70.0311,20.9714,32.0,67.0,100.0,18.66,NO,1675010585.0
23,bredasdorp,-34.5322,20.0403,67.62,55.0,99.0,19.64,ZA,1675010586.0
24,gizo,-8.103,156.8419,80.96,79.0,100.0,5.5,SB,1675010587.0
25,sawtell,-30.3833,153.1,77.02,83.0,100.0,6.91,AU,1675010587.0
26,tabory,58.5198,64.5495,14.34,91.0,41.0,8.08,RU,1675010587.0
27,new norfolk,-42.7826,147.0587,60.3,66.0,68.0,0.89,AU,1675010587.0
28,lagoa,39.05,-27.9833,57.65,70.0,94.0,14.47,PT,1675010587.0
29,korla,41.7597,86.1469,17.56,76.0,6.0,2.15,CN,1675010588.0
30,evanston,42.0411,-87.6901,24.35,84.0,100.0,13.8,US,1675010588.0
31,mataura,-46.1927,168.8643,50.22,76.0,54.0,2.28,NZ,1675010588.0
32,port alfred,-33.5906,26.891,71.19,57.0,94.0,1.99,ZA,1675010588.0
34,shingu,33.7333,135.9833,35.22,79.0,9.0,8.66,JP,1675010588.0
35,swift current,50.2834,-107.8014,-10.39,77.0,75.0,19.57,CA,1675010589.0
36,itoman,26.1247,127.6694,57.22,58.0,100.0,9.22,JP,1675010589.0
37,gitarama,-2.0744,29.7567,60.26,72.0,48.0,1.99,RW,1675010589.0
38,taoudenni,22.6783,-3.9836,72.21,16.0,34.0,3.6,ML,1675010589.0
39,punta arenas,-53.15,-70.9167,62.71,42.0,40.0,27.63,CL,1675010589.0
40,porto velho,-8.7619,-63.9039,78.85,83.0,75.0,6.91,BR,1675010589.0
41,kulhudhuffushi,6.6221,73.07,80.29,73.0,6.0,10.27,MV,1675010589.0
42,lensk,60.7253,114.9278,-9.87,100.0,97.0,3.18,RU,1675010590.0
43,ostrovnoy,68.0531,39.5131,22.6,89.0,71.0,19.91,RU,1675010590.0
46,cabo san lucas,22.8909,-109.9124,69.51,65.0,0.0,4.36,MX,1675010591.0
47,tyrma,50.0833,132.1667,-30.26,99.0,83.0,1.16,RU,1675010591.0
48,sibutad,8.6127,123.4802,76.77,92.0,100.0,10.85,PH,1675010591.0
49,camana,-16.6228,-72.7111,76.42,76.0,100.0,9.04,PE,1675010591.0
50,karaton,-6.3424,106.1045,72.88,96.0,86.0,2.71,ID,1675010596.0
51,turayf,31.6725,38.6637,59.25,38.0,0.0,4.61,SA,1675010596.0
52,dikson,73.5069,80.5464,-28.61,96.0,18.0,3.38,RU,1675010596.0
53,sangmelima,2.9333,11.9833,76.53,63.0,98.0,4.09,CM,1675010596.0
54,lumeje,-11.55,20.7833,69.17,81.0,77.0,3.71,AO,1675010597.0
55,saldanha,-33.0117,17.9442,82.45,71.0,47.0,17.9,ZA,1675010597.0
56,loubomo,-4.1997,12.6739,75.25,91.0,100.0,3.06,CG,1675010597.0
57,moose factory,51.2585,-80.6094,-11.2,70.0,0.0,8.05,CA,1675010597.0
58,soyo,-6.1349,12.3689,81.41,78.0,91.0,6.24,AO,1675010597.0
59,portland,45.5234,-122.6762,33.53,47.0,0.0,13.0,US,1675010544.0
60,asfi,32.2994,-9.2372,57.65,50.0,1.0,12.82,MA,1675010598.0
61,castro,-24.7911,-50.0119,82.63,50.0,13.0,5.99,BR,1675010598.0
62,georgetown,5.4112,100.3354,80.53,78.0,20.0,4.61,MY,1675010598.0
63,husavik,66.0449,-17.3389,27.01,94.0,100.0,17.45,IS,1675010598.0
64,iquitos,-3.7481,-73.2472,77.04,88.0,100.0,3.44,PE,1675010598.0
65,jamestown,42.097,-79.2353,39.02,97.0,100.0,12.66,US,1675010598.0
66,port elizabeth,-33.918,25.5701,68.29,61.0,40.0,13.8,ZA,1675010589.0
67,nanortalik,60.1432,-45.2371,25.38,73.0,100.0,4.7,GL,1675010598.0
68,vostok,46.4856,135.8833,-23.12,99.0,71.0,4.27,RU,1675010599.0
69,almaznyy,48.0448,40.045,32.59,86.0,100.0,6.55,RU,1675010599.0
70,nikolskoye,59.7035,30.7861,33.69,89.0,100.0,9.8,RU,1675010599.0
71,sechura,-5.5569,-80.8222,83.39,49.0,64.0,7.18,PE,1675010599.0
72,arraial do cabo,-22.9661,-42.0278,89.56,66.0,20.0,17.27,BR,1675010599.0
73,kaitangata,-46.2817,169.8464,52.61,76.0,52.0,5.3,NZ,1675010599.0
74,port blair,11.6667,92.75,80.64,74.0,40.0,9.22,IN,1675010600.0
75,luderitz,-26.6481,15.1594,65.44,73.0,0.0,19.82,NA,1675010600.0
76,ajdabiya,30.7554,20.2263,57.69,47.0,0.0,6.98,LY,1675010600.0
77,fortuna,40.5982,-124.1573,42.93,97.0,0.0,9.22,US,1675010600.0
78,butaritari,3.0707,172.7902,81.48,76.0,100.0,20.51,KI,1675010600.0
79,meulaboh,4.1363,96.1285,77.67,87.0,98.0,3.24,ID,1675010600.0
80,tombouctou,20.0,-3.0,71.13,12.0,76.0,5.17,ML,1675010600.0
81,upernavik,72.7868,-56.1549,-5.6,88.0,91.0,9.01,GL,1675010601.0
82,auki,-8.7676,160.7034,76.03,91.0,100.0,4.54,SB,1675010601.0
83,cidreira,-30.1811,-50.2056,79.74,74.0,7.0,14.14,BR,1675010601.0
84,busselton,-33.65,115.3333,65.21,69.0,66.0,13.98,AU,1675010601.0
85,olafsvik,64.8945,-23.7142,31.8,73.0,72.0,19.93,IS,1675010601.0
86,ilulissat,69.2167,-51.1,10.42,61.0,43.0,24.16,GL,1675010601.0
87,tuatapere,-46.1333,167.6833,55.76,64.0,98.0,3.94,NZ,1675010602.0
89,bintulu,3.1667,113.0333,75.61,100.0,40.0,3.44,MY,1675010357.0
90,dingle,10.9995,122.6711,74.82,94.0,100.0,10.58,PH,1675010602.0
91,bethel,41.3712,-73.414,48.56,74.0,0.0,5.75,US,1675010602.0
92,norman wells,65.282,-126.8329,15.84,86.0,100.0,11.5,CA,1675010602.0
93,guerrero negro,27.9769,-114.0611,58.17,69.0,7.0,3.69,MX,1675010603.0
94,sinnamary,5.3833,-52.95,80.2,72.0,36.0,9.53,GF,1675010603.0
95,pelym,61.0108,61.9978,13.95,86.0,99.0,8.21,RU,1675010603.0
96,seydi,39.4816,62.9137,34.34,67.0,91.0,10.2,TM,1675010603.0
97,cape town,-33.9258,18.4232,78.35,46.0,0.0,21.85,ZA,1675010603.0
98,mackenzie,55.2999,-123.1698,-14.58,76.0,75.0,0.0,CA,1675010603.0
99,gold coast,-28.0,153.4333,77.07,83.0,100.0,5.75,AU,1675010519.0
100,esperance,-33.8667,121.9,61.88,70.0,54.0,10.36,AU,1675010608.0
101,ekhabi,53.5102,142.9671,-15.12,92.0,76.0,16.96,RU,1675010609.0
102,faanui,-16.4833,-151.75,80.4,76.0,13.0,13.4,PF,1675010609.0
103,sherlovaya gora,50.5667,116.25,-18.13,100.0,66.0,1.39,RU,1675010609.0
104,chuy,-33.6971,-53.4616,80.08,59.0,50.0,15.28,UY,1675010609.0
105,aklavik,68.2191,-135.0107,6.8,85.0,40.0,4.61,CA,1675010609.0
106,jian,27.1172,114.9793,41.76,42.0,0.0,1.66,CN,1675010609.0
108,bluff,-46.6,168.3333,58.01,72.0,77.0,8.12,NZ,1675010610.0
109,avarua,-21.2078,-159.775,80.65,78.0,100.0,6.91,CK,1675010610.0
110,veinticinco de mayo,-35.4323,-60.1727,88.99,52.0,0.0,4.0,AR,1675010610.0
111,aragarcas,-15.8975,-52.2508,88.45,62.0,40.0,5.75,BR,1675010610.0
112,hithadhoo,-0.6,73.0833,82.09,73.0,83.0,9.73,MV,1675010428.0
113,bubaque,11.2833,-15.8333,77.92,51.0,92.0,10.85,GW,1675010610.0
114,saint george,37.1041,-113.5841,32.59,80.0,100.0,4.61,US,1675010610.0
115,north myrtle beach,33.816,-78.68,63.0,73.0,20.0,6.91,US,1675010610.0
117,ribeira grande,38.5167,-28.7,59.77,77.0,40.0,11.5,PT,1675010611.0
118,qaanaaq,77.484,-69.3632,-5.28,82.0,100.0,1.5,GL,1675010611.0
119,valparaiso,-33.0393,-71.6273,73.0,69.0,75.0,12.66,CL,1675010611.0
120,pingliang,35.5392,106.6861,30.43,28.0,0.0,3.49,CN,1675010611.0
121,klaksvik,62.2266,-6.589,40.12,74.0,80.0,38.3,FO,1675010611.0
122,rio gallegos,-51.6226,-69.2181,68.05,77.0,40.0,12.66,AR,1675010612.0
123,usinsk,65.9939,57.5281,13.89,94.0,100.0,20.74,RU,1675010612.0
124,siuna,13.7332,-84.7773,83.28,55.0,80.0,7.36,NI,1675010612.0
125,tasiilaq,65.6145,-37.6368,17.76,79.0,33.0,5.19,GL,1675010612.0
127,salta,-24.7859,-65.4117,76.57,73.0,40.0,2.3,AR,1675010613.0
128,quthing,-30.4,27.7003,66.31,50.0,11.0,6.91,LS,1675010613.0
129,beyneu,45.3167,55.2,29.53,72.0,6.0,12.1,KZ,1675010613.0
130,alofi,-19.0595,-169.9187,73.29,100.0,54.0,3.44,NU,1675010613.0
131,san patricio,28.017,-97.5169,73.9,80.0,99.0,13.09,US,1675010613.0
132,mar del plata,-38.0023,-57.5575,82.83,72.0,0.0,13.8,AR,1675010613.0
133,maputo,-25.9653,32.5892,80.28,61.0,75.0,16.11,MZ,1675010610.0
134,barrow,71.2906,-156.7887,-2.18,78.0,100.0,8.05,US,1675010613.0
135,rio muerto,27.4167,-110.2333,63.12,37.0,2.0,9.82,MX,1675010613.0
136,lasa,46.6166,10.7002,38.28,82.0,67.0,4.79,IT,1675010614.0
137,coahuayana,18.7333,-103.6833,87.84,26.0,1.0,4.47,MX,1675010614.0
138,kavaratti,10.5669,72.642,80.65,68.0,38.0,11.81,IN,1675010614.0
139,karlskoga,59.3267,14.5239,40.32,91.0,100.0,19.44,SE,1675010581.0
141,severo-kurilsk,50.6789,156.125,26.19,76.0,100.0,30.85,RU,1675010614.0
142,hambantota,6.1241,81.1185,74.16,82.0,13.0,7.81,LK,1675010567.0
143,hermanus,-34.4187,19.2345,71.8,59.0,100.0,24.34,ZA,1675010614.0
146,victoria,22.2855,114.1577,58.24,40.0,77.0,3.0,HK,1675010415.0
147,abu dhabi,24.4667,54.3667,66.31,67.0,0.0,10.36,AE,1675010615.0
149,nizhniy kuranakh,58.8353,125.4869,-23.13,99.0,100.0,2.77,RU,1675010616.0
150,saint-philippe,-21.3585,55.7679,83.79,88.0,100.0,3.76,RE,1675010621.0
151,padang,-0.9492,100.3543,77.05,87.0,100.0,5.59,ID,1675010385.0
152,yellowknife,62.456,-114.3525,-24.45,75.0,20.0,4.61,CA,1675010621.0
153,lata,40.1629,-8.3327,53.82,55.0,1.0,6.82,PT,1675010621.0
154,carahue,-38.7,-73.1667,76.51,49.0,3.0,10.25,CL,1675010621.0
156,sao jose da coroa grande,-8.8978,-35.1478,84.02,61.0,34.0,10.67,BR,1675010622.0
157,srednekolymsk,67.45,153.6833,-23.37,96.0,100.0,4.83,RU,1675010622.0
158,west wendover,40.7391,-114.0733,29.41,74.0,75.0,6.91,US,1675010622.0
159,lebu,-37.6167,-73.65,65.44,79.0,68.0,16.17,CL,1675010622.0
160,samarai,-10.6167,150.6667,82.98,79.0,97.0,10.22,PG,1675010622.0
162,moranbah,-22.0016,148.0466,72.19,86.0,99.0,7.56,AU,1675010623.0
163,asind,25.7333,74.3333,59.31,85.0,62.0,8.43,IN,1675010623.0
164,soledade,-28.8183,-52.5103,86.2,36.0,63.0,6.2,BR,1675010623.0
167,shangrao,28.4532,117.9686,36.63,58.0,0.0,0.92,CN,1675010624.0
168,khatanga,71.9667,102.5,-40.29,100.0,75.0,4.07,RU,1675010624.0
169,biskupiec,53.8647,20.9569,31.82,91.0,100.0,12.21,PL,1675010624.0
170,kruisfontein,-34.0033,24.7314,65.88,58.0,97.0,13.85,ZA,1675010624.0
171,halifax,44.6453,-63.5724,38.44,62.0,100.0,5.75,CA,1675010624.0
172,sao paulo de olivenca,-3.3783,-68.8725,80.98,88.0,50.0,0.96,BR,1675010624.0
173,port-gentil,-0.7193,8.7815,85.96,66.0,20.0,5.75,GA,1675010624.0
174,winnemucca,40.973,-117.7357,24.66,69.0,100.0,14.38,US,1675010625.0
175,bac lieu,9.285,105.7244,75.88,74.0,100.0,6.76,VN,1675010625.0
176,bahia honda,22.9036,-83.1592,82.13,60.0,56.0,13.44,CU,1675010625.0
177,hualmay,-11.0964,-77.6139,76.53,70.0,84.0,8.37,PE,1675010625.0
178,waipawa,-41.4122,175.5153,61.77,95.0,94.0,4.52,NZ,1675010625.0
179,rio grande,-32.035,-52.0986,86.11,68.0,2.0,17.81,BR,1675010625.0
180,iranshahr,27.2025,60.6848,52.14,58.0,0.0,0.0,IR,1675010625.0
181,saurimo,-9.6608,20.3916,71.71,80.0,73.0,3.51,AO,1675010626.0
182,abonnema,4.7084,6.7931,91.69,64.0,77.0,11.36,NG,1675010626.0
183,suna,57.8338,50.0588,14.18,94.0,96.0,12.48,RU,1675010626.0
184,vila franca do campo,37.7167,-25.4333,59.41,70.0,59.0,9.35,PT,1675010626.0
185,coihaique,-45.5752,-72.0662,75.15,50.0,40.0,8.05,CL,1675010626.0
186,virginia beach,36.8529,-75.978,59.04,49.0,20.0,11.5,US,1675010626.0
187,lodeynoye pole,60.726,33.5531,29.28,94.0,100.0,10.29,RU,1675010626.0
188,port lincoln,-34.7333,135.8667,60.64,80.0,5.0,10.65,AU,1675010626.0
189,esik,43.3552,77.4525,11.62,76.0,100.0,4.68,KZ,1675010627.0
191,garowe,8.4054,48.4845,77.4,45.0,2.0,21.47,SO,1675010627.0
192,tocache,-8.1842,-76.5125,90.41,45.0,60.0,0.31,PE,1675010627.0
193,douglas,41.3,-96.167,5.86,69.0,0.0,11.5,US,1675010628.0
194,krasnoselkup,65.7,82.4667,-14.73,100.0,93.0,3.67,RU,1675010628.0
195,maragogi,-9.0122,-35.2225,84.33,60.0,34.0,11.1,BR,1675010628.0
196,vibo valentia,38.6996,16.1274,46.99,68.0,16.0,1.28,IT,1675010629.0
197,hamilton,39.1834,-84.5333,45.59,92.0,100.0,14.97,US,1675010629.0
198,ixtapa,20.7,-105.2,72.63,78.0,75.0,0.0,MX,1675010629.0
199,vardo,70.3705,31.1107,33.49,75.0,88.0,21.43,NO,1675010629.0
200,charters towers,-20.1,146.2667,72.91,87.0,80.0,7.05,AU,1675010634.0
201,stege,54.987,12.2846,41.05,88.0,100.0,25.52,DK,1675010634.0
202,tubmanburg,6.8708,-10.8172,85.23,58.0,96.0,6.53,LR,1675010634.0
203,port moresby,-9.4431,147.1797,76.42,94.0,40.0,4.61,PG,1675010634.0
204,port macquarie,-31.4333,152.9167,73.89,89.0,100.0,7.25,AU,1675010635.0
205,nortelandia,-14.4547,-56.8028,82.08,68.0,99.0,3.53,BR,1675010635.0
206,thompson,55.7435,-97.8558,-25.44,68.0,40.0,6.91,CA,1675010635.0
207,anshun,26.25,105.9333,41.0,54.0,0.0,1.63,CN,1675010635.0
208,orchard homes,46.8633,-114.0484,-2.72,73.0,0.0,5.99,US,1675010635.0
209,leirvik,59.7798,5.5005,47.62,100.0,75.0,24.16,NO,1675010635.0
210,uige,-7.6087,15.0613,69.75,93.0,94.0,2.48,AO,1675010635.0
211,sur,22.5667,59.5289,67.21,55.0,0.0,14.72,OM,1675010635.0
212,ponta do sol,32.6667,-17.1,62.01,60.0,68.0,6.2,PT,1675010635.0
213,borcea,44.3333,27.75,35.89,87.0,80.0,7.83,RO,1675010636.0
214,kolda,12.8833,-14.95,95.47,7.0,98.0,6.58,SN,1675010636.0
215,hilo,19.7297,-155.09,69.28,87.0,0.0,3.0,US,1675010636.0
216,nouadhibou,20.931,-17.0347,73.38,33.0,0.0,13.8,MR,1675010636.0
217,shimoda,34.6667,138.95,38.1,61.0,2.0,24.36,JP,1675010636.0
218,boa vista,2.8197,-60.6733,87.78,45.0,20.0,11.5,BR,1675010637.0
219,iqaluit,63.7506,-68.5145,-34.31,73.0,40.0,0.0,CA,1675010422.0
220,bathsheba,13.2167,-59.5167,83.01,54.0,20.0,13.8,BB,1675010637.0
221,abalak,58.1286,68.5944,13.6,93.0,71.0,8.39,RU,1675010637.0
222,richards bay,-28.783,32.0377,70.68,73.0,100.0,11.68,ZA,1675010637.0
224,boyolangu,-8.1181,111.8935,75.31,92.0,100.0,2.13,ID,1675010637.0
226,kungurtug,50.5994,97.5228,-8.43,94.0,82.0,2.75,RU,1675010638.0
227,mount darwin,-16.7725,31.5838,71.29,87.0,49.0,4.99,ZW,1675010638.0
228,sitka,57.0531,-135.33,31.89,86.0,75.0,0.0,US,1675010638.0
229,mahebourg,-20.4081,57.7,82.26,89.0,75.0,3.44,MU,1675010638.0
230,san quintin,30.4833,-115.95,55.36,71.0,92.0,4.25,MX,1675010638.0
231,hovd,48.0056,91.6419,3.15,68.0,9.0,2.39,MN,1675010638.0
232,acajutla,13.5928,-89.8275,86.31,42.0,23.0,4.88,SV,1675010638.0
233,chokurdakh,70.6333,147.9167,-36.08,100.0,76.0,3.69,RU,1675010639.0
234,karwar,14.8,74.1333,73.58,87.0,23.0,10.18,IN,1675010639.0
235,beidao,34.5686,105.8933,33.66,39.0,0.0,3.38,CN,1675010624.0
236,ende,-8.8432,121.6623,78.53,89.0,100.0,2.48,ID,1675010639.0
237,kloulklubed,7.0419,134.2556,77.5,74.0,97.0,15.61,PW,1675010639.0
238,pangnirtung,66.1451,-65.7125,-28.82,73.0,49.0,5.01,CA,1675010639.0
239,carrickfergus,54.7158,-5.8058,51.76,84.0,100.0,14.97,GB,1675010639.0
240,manakara,-22.1333,48.0167,78.82,82.0,99.0,3.76,MG,1675010639.0
242,erenhot,43.6475,111.9767,11.37,69.0,2.0,7.87,CN,1675010640.0
243,jinji,23.2281,110.8261,48.96,33.0,10.0,2.55,CN,1675010640.0
244,belogorsk,50.9158,128.4611,-29.29,100.0,87.0,0.4,RU,1675010640.0
245,kefamenanu,-9.4467,124.4781,72.3,93.0,99.0,1.52,ID,1675010640.0
247,kulu,39.0951,33.0799,37.13,68.0,63.0,7.94,TR,1675010641.0
248,hirara,24.8,125.2833,60.73,56.0,66.0,15.59,JP,1675010641.0
249,kinsale,51.7075,-8.5306,51.17,76.0,75.0,10.36,IE,1675010641.0
250,suez,29.9737,32.5263,65.1,49.0,83.0,14.63,EG,1675010646.0
251,thinadhoo,0.5333,72.9333,81.79,73.0,97.0,8.16,MV,1675010647.0
252,barra do garcas,-15.89,-52.2567,88.38,62.0,40.0,5.75,BR,1675010647.0
253,namibe,-15.1961,12.1522,76.1,81.0,99.0,9.4,AO,1675010647.0
254,sassandra,4.95,-6.0833,83.26,69.0,92.0,9.84,CI,1675010647.0
255,kentau,43.5206,68.5094,26.44,56.0,40.0,7.05,KZ,1675010647.0
256,ponnani,10.767,75.9252,78.12,76.0,59.0,2.06,IN,1675010494.0
257,quang ngai,15.1167,108.8,62.31,85.0,98.0,7.54,VN,1675010485.0
258,phan thiet,10.9333,108.1,71.04,74.0,76.0,7.54,VN,1675010491.0
259,coquimbo,-29.9533,-71.3436,64.13,77.0,100.0,8.05,CL,1675010647.0
260,oktyabrskiy,54.4815,53.471,1.9,99.0,91.0,6.11,RU,1675010648.0
261,umm lajj,25.0213,37.2685,76.15,62.0,26.0,4.14,SA,1675010648.0
262,anadyr,64.75,177.4833,28.9,86.0,100.0,29.08,RU,1675010648.0
263,kumluca,36.3703,30.2869,54.57,67.0,7.0,5.79,TR,1675010648.0
264,bay roberts,47.5999,-53.2648,38.52,68.0,53.0,18.99,CA,1675010648.0
265,show low,34.2542,-110.0298,41.0,36.0,0.0,32.21,US,1675010648.0
266,progreso,21.2833,-89.6667,84.11,59.0,7.0,8.99,MX,1675010649.0
267,timra,62.487,17.3257,29.88,86.0,75.0,5.75,SE,1675010649.0
268,kaputa,-8.4689,29.6619,71.11,82.0,40.0,2.55,ZM,1675010649.0
269,patan,27.6667,85.3333,55.99,66.0,40.0,5.75,NP,1675010649.0
270,san carlos de bariloche,-41.1456,-71.3082,92.44,22.0,0.0,6.91,AR,1675010649.0
271,bengkulu,-3.8004,102.2655,75.33,92.0,100.0,5.73,ID,1675010649.0
272,grindavik,63.8424,-22.4338,36.07,87.0,75.0,6.91,IS,1675010649.0
273,khulna,22.8135,89.5672,65.44,31.0,2.0,4.5,BD,1675010487.0
274,pisco,-13.7,-76.2167,75.25,73.0,0.0,9.22,PE,1675010649.0
275,codrington,-38.2667,141.9667,54.75,83.0,0.0,5.46,AU,1675010650.0
276,aquiraz,-3.9014,-38.3911,94.44,57.0,2.0,13.27,BR,1675010650.0
277,codo,-4.4553,-43.8856,88.29,55.0,38.0,4.63,BR,1675010650.0
278,monrovia,6.3005,-10.7969,87.57,70.0,62.0,11.92,LR,1675010415.0
279,zhigalovo,54.8097,105.1578,10.51,98.0,100.0,2.59,RU,1675010650.0
280,salalah,17.0151,54.0924,73.49,20.0,0.0,11.5,OM,1675010650.0
281,talcahuano,-36.7167,-73.1167,69.48,64.0,0.0,10.36,CL,1675010650.0
282,payo,-3.7508,103.6372,72.55,98.0,98.0,3.18,ID,1675010650.0
283,tuktoyaktuk,69.4541,-133.0374,-7.6,84.0,75.0,4.61,CA,1675010651.0
284,nantucket,41.2835,-70.0995,51.94,76.0,0.0,14.97,US,1675010651.0
285,sao joao da barra,-21.6403,-41.0511,87.89,82.0,99.0,15.23,BR,1675010651.0
287,belen,36.4891,36.2233,41.14,100.0,75.0,5.75,TR,1675010651.0
289,road town,18.4167,-64.6167,84.29,65.0,40.0,13.8,VG,1675010652.0
291,acapulco,16.8634,-99.8901,83.8,47.0,0.0,4.16,MX,1675010652.0
292,carbondale,37.7273,-89.2168,35.89,94.0,100.0,14.97,US,1675010652.0
293,seoul,37.5683,126.9778,31.39,61.0,0.0,4.61,KR,1675010425.0
294,ulladulla,-35.35,150.4667,69.49,95.0,100.0,5.44,AU,1675010652.0
295,ancud,-41.8697,-73.8203,65.8,77.0,33.0,9.28,CL,1675010653.0
296,talnakh,69.4865,88.3972,-3.8,100.0,98.0,0.94,RU,1675010653.0
297,sorland,67.667,12.6934,35.46,83.0,100.0,23.44,NO,1675010653.0
298,saskylakh,71.9167,114.0833,-30.28,98.0,100.0,2.84,RU,1675010653.0
299,torbay,47.6666,-52.7314,37.76,81.0,75.0,25.32,CA,1675010653.0
301,calatayud,41.3535,-1.6432,37.04,64.0,55.0,5.03,ES,1675010659.0
302,cayenne,4.9333,-52.3333,82.44,65.0,100.0,12.66,GF,1675010659.0
304,belmonte,-15.8631,-38.8828,83.3,59.0,37.0,7.92,BR,1675010660.0
305,buala,-8.145,159.5921,76.5,93.0,100.0,5.66,SB,1675010660.0
306,saint-augustin,51.226,-58.6502,6.62,71.0,22.0,20.02,CA,1675010660.0
307,rwamagana,-1.9487,30.4347,63.84,70.0,64.0,1.07,RW,1675010660.0
309,saint simons,31.1352,-81.3901,62.64,78.0,100.0,5.75,US,1675010661.0
310,kamenka,51.3223,42.7678,23.52,96.0,100.0,8.7,RU,1675010661.0
311,ushtobe,45.2514,77.9838,8.71,89.0,55.0,6.8,KZ,1675010661.0
312,general roca,-39.0333,-67.5833,99.63,11.0,0.0,25.14,AR,1675010661.0
313,glens falls,43.3095,-73.644,36.95,88.0,100.0,0.0,US,1675010661.0
315,airai,-8.9266,125.4092,61.16,93.0,95.0,0.85,TL,1675010662.0
316,chadan,51.2833,91.5833,-9.22,96.0,100.0,1.23,RU,1675010662.0
317,hit,33.6416,42.8251,58.48,51.0,72.0,9.55,IQ,1675010662.0
318,san andres,12.5847,-81.7006,82.42,69.0,100.0,18.41,CO,1675010662.0
319,pulaski,34.7668,-92.3001,57.33,96.0,100.0,4.61,US,1675010662.0
320,saint-georges,12.0564,-61.7485,83.88,58.0,20.0,17.27,GD,1675010662.0
321,mazyr,52.0495,29.2456,26.85,78.0,99.0,6.91,BY,1675010662.0
322,jaca,42.569,-0.5499,34.12,73.0,13.0,3.11,ES,1675010662.0
323,atuona,-9.8,-139.0333,78.76,76.0,35.0,20.62,PF,1675010663.0
324,faya,18.3851,42.4509,59.11,73.0,46.0,1.39,SA,1675010663.0
325,pevek,69.7008,170.3133,-4.65,99.0,59.0,1.88,RU,1675010663.0
326,carepa,7.7585,-76.6525,85.78,66.0,20.0,13.8,CO,1675010663.0
327,nome,64.5011,-165.4064,33.87,80.0,100.0,13.8,US,1675010663.0
328,dawei,14.0833,98.2,72.57,39.0,24.0,10.6,MM,1675010663.0
329,tucumcari,35.1717,-103.725,19.24,100.0,100.0,12.66,US,1675010663.0
330,yulara,-25.2406,130.9889,71.11,72.0,18.0,11.77,AU,1675010371.0
331,huarmey,-10.0681,-78.1522,75.29,74.0,100.0,8.01,PE,1675010663.0
332,tura,25.5198,90.2201,63.41,57.0,0.0,3.67,IN,1675010664.0
333,tucuman,-26.8241,-65.2226,84.2,65.0,75.0,5.75,AR,1675010664.0
334,daru,-9.0763,143.2092,80.87,79.0,100.0,5.19,PG,1675010664.0
336,kahului,20.8947,-156.47,68.02,90.0,75.0,6.91,US,1675010665.0
337,presidencia roque saenz pena,-26.7852,-60.4388,106.11,22.0,9.0,2.59,AR,1675010665.0
338,lorengau,-2.0226,147.2712,80.78,79.0,94.0,3.24,PG,1675010665.0
339,ballina,-28.8667,153.5667,75.02,94.0,100.0,6.87,AU,1675010665.0
340,katsuura,35.1333,140.3,43.65,66.0,21.0,14.63,JP,1675010665.0
341,provideniya,64.3833,-173.3,22.41,92.0,84.0,16.26,RU,1675010665.0
342,karasjok,69.4719,25.5112,14.9,87.0,80.0,9.66,NO,1675010665.0
343,yenagoa,4.9247,6.2642,76.93,91.0,91.0,7.18,NG,1675010666.0
344,palmares do sul,-30.2578,-50.5097,85.12,58.0,15.0,12.88,BR,1675010666.0
345,oskemen,49.9565,82.6119,-5.08,76.0,20.0,2.24,KZ,1675010666.0
346,teya,60.3778,92.6267,12.36,90.0,99.0,8.52,RU,1675010666.0
347,flinders,-34.5833,150.8552,75.18,91.0,100.0,5.99,AU,1675010489.0
348,krasnogorskiy,54.6025,61.231,-5.21,100.0,61.0,4.56,RU,1675010666.0
350,cabedelo,-6.9811,-34.8339,88.47,65.0,17.0,13.44,BR,1675010672.0
351,port hardy,50.6996,-127.4199,24.98,93.0,20.0,4.61,CA,1675010672.0
352,fukue,32.6881,128.8419,49.87,54.0,90.0,23.44,JP,1675010672.0
353,dunedin,-45.8742,170.5036,62.8,68.0,8.0,1.01,NZ,1675010672.0
354,carnarvon,-24.8667,113.6333,73.29,81.0,0.0,7.23,AU,1675010672.0
355,penzance,50.1186,-5.5371,47.08,80.0,83.0,14.29,GB,1675010673.0
356,paddaya,18.3184,121.7551,68.94,83.0,100.0,10.36,PH,1675010656.0
357,marzuq,14.4,46.4667,64.27,51.0,10.0,4.32,YE,1675010673.0
358,iroquois falls,48.7669,-80.6831,1.36,84.0,93.0,4.14,CA,1675010673.0
359,fairbanks,64.8378,-147.7164,28.22,90.0,100.0,8.05,US,1675010673.0
360,lashio,22.9333,97.75,57.29,60.0,0.0,2.15,MM,1675010673.0
361,bambous virieux,-20.3428,57.7575,82.22,89.0,75.0,3.44,MU,1675010674.0
362,dwarka,22.2394,68.9678,68.09,67.0,0.0,13.09,IN,1675010656.0
363,los alamos,35.8881,-106.307,39.65,44.0,0.0,6.91,US,1675010674.0
364,praya,14.9215,-23.5087,75.74,57.0,75.0,26.46,CV,1675010674.0
365,prainha,-1.8,-53.48,85.03,59.0,47.0,3.91,BR,1675010674.0
366,mhlambanyatsi,-26.45,31.0167,57.22,98.0,100.0,4.14,SZ,1675010674.0
367,hammerfest,70.6634,23.6821,32.45,100.0,100.0,21.85,NO,1675010674.0
368,mega,4.05,38.3,70.11,29.0,9.0,10.13,ET,1675010674.0
369,port-cartier,50.0334,-66.8654,1.74,71.0,33.0,5.35,CA,1675010675.0
370,spirit river,55.7833,-118.8361,-8.97,73.0,89.0,4.27,CA,1675010675.0
371,nueva loja,0.0847,-76.8828,86.02,58.0,0.0,3.44,EC,1675010675.0
372,ilam,26.9167,87.9167,56.26,67.0,2.0,5.39,NP,1675010675.0
373,salvador,13.8333,-88.9167,84.6,34.0,12.0,3.98,SV,1675010675.0
374,laguna,38.421,-121.4238,46.76,88.0,40.0,8.05,US,1675010675.0
375,janow lubelski,50.707,22.4104,30.22,77.0,100.0,9.4,PL,1675010676.0
376,asau,46.4333,26.4,27.52,95.0,92.0,0.6,RO,1675010676.0
377,porto novo,6.4965,2.6036,87.62,59.0,97.0,9.69,BJ,1675010676.0
378,hasaki,35.7333,140.8333,33.22,74.0,27.0,6.44,JP,1675010676.0
379,san joaquin,37.9333,-121.3011,48.54,87.0,100.0,6.91,US,1675010676.0
380,thyolo,-16.0678,35.1405,70.9,82.0,80.0,4.65,MW,1675010676.0
381,axim,4.8699,-2.2405,82.38,74.0,71.0,10.18,GH,1675010676.0
383,aksu,41.1231,80.2644,11.68,89.0,5.0,5.88,CN,1675010677.0
384,bloomingdale,27.8936,-82.2404,81.25,64.0,0.0,8.05,US,1675010677.0
385,katihar,25.5333,87.5833,64.49,54.0,0.0,6.15,IN,1675010677.0
386,piranshahr,36.701,45.1413,31.69,94.0,51.0,7.05,IR,1675010677.0
387,ambon,-3.6954,128.1814,79.23,14.0,40.0,6.91,ID,1675010677.0
388,nacala,-14.5428,40.6728,79.43,88.0,73.0,8.39,MZ,1675010677.0
389,kushima,31.4583,131.2333,41.38,87.0,43.0,4.12,JP,1675010678.0
390,margate,51.3813,1.3862,45.9,86.0,92.0,5.01,GB,1675010678.0
391,oksfjord,70.2396,22.3479,32.18,87.0,94.0,8.08,NO,1675010678.0
392,sistranda,63.7256,8.834,39.16,92.0,100.0,14.7,NO,1675010526.0
393,slonim,53.0867,25.3219,30.33,92.0,100.0,10.74,BY,1675010678.0
395,meghri,38.9029,46.2446,39.67,85.0,74.0,1.66,AM,1675010678.0
396,krasnyy chikoy,50.3643,108.7512,1.96,99.0,100.0,1.36,RU,1675010678.0
397,shitanjing,39.2342,106.3439,23.0,24.0,0.0,2.84,CN,1675010679.0
398,zhaoyuan,37.3592,120.3964,24.85,70.0,2.0,3.31,CN,1675010679.0
399,muroto,33.2833,134.15,43.66,60.0,34.0,10.8,JP,1675010679.0
400,longyearbyen,78.2186,15.6401,28.24,74.0,40.0,24.16,SJ,1675010684.0
401,kez,57.8979,53.7152,13.39,94.0,99.0,8.86,RU,1675010684.0
402,barranca,-10.75,-77.7667,76.23,67.0,94.0,7.67,PE,1675010685.0
403,lethem,3.3803,-59.7968,91.78,36.0,48.0,10.38,GY,1675010685.0
404,quatre cocos,-20.2078,57.7625,82.09,80.0,100.0,2.93,MU,1675010685.0
405,kjopsvik,68.097,16.3742,28.27,87.0,99.0,8.21,NO,1675010685.0
406,priargunsk,50.3691,119.1012,-29.94,100.0,88.0,1.3,RU,1675010685.0
407,morondava,-20.2833,44.2833,82.06,76.0,70.0,6.24,MG,1675010685.0
408,mossoro,-5.1875,-37.3442,96.75,32.0,40.0,8.05,BR,1675010685.0
409,havelock,34.8791,-76.9013,65.95,62.0,46.0,4.0,US,1675010686.0
410,sesheke,-17.4759,24.2968,71.76,81.0,90.0,9.4,ZM,1675010686.0
411,segezha,63.7415,34.3222,27.16,89.0,93.0,13.18,RU,1675010686.0
412,itarema,-2.9248,-39.9167,86.25,57.0,24.0,14.79,BR,1675010686.0
413,buta,2.7858,24.73,77.83,57.0,87.0,2.46,CD,1675010686.0
414,vestmannaeyjar,63.4427,-20.2734,36.59,93.0,40.0,10.36,IS,1675010686.0
415,necochea,-38.5473,-58.7368,86.07,31.0,0.0,10.51,AR,1675010686.0
416,bekovo,52.4663,43.712,21.58,96.0,100.0,8.34,RU,1675010686.0
417,pershotravneve,51.3929,28.8684,27.12,72.0,82.0,6.04,UA,1675010686.0
418,leningradskiy,69.3833,178.4167,2.16,86.0,15.0,3.91,RU,1675010687.0
419,katangli,51.7102,143.2326,-13.16,90.0,10.0,14.81,RU,1675010687.0
420,walvis bay,-22.9575,14.5053,66.09,72.0,18.0,17.69,NA,1675010687.0
421,avera,33.194,-82.5271,51.85,75.0,98.0,3.42,US,1675010687.0
422,mae ramat,16.984,98.5166,65.8,67.0,39.0,2.98,TH,1675010449.0
424,los llanos de aridane,28.6585,-17.9182,59.13,83.0,75.0,9.22,ES,1675010688.0
425,alakurtti,66.9672,30.3491,1.33,100.0,90.0,0.04,RU,1675010688.0
426,tual,-5.6667,132.75,82.33,77.0,100.0,8.14,ID,1675010688.0
427,george,-33.963,22.4617,65.75,72.0,40.0,19.57,ZA,1675010688.0
428,awbari,26.5921,12.7805,54.7,26.0,3.0,8.12,LY,1675010688.0
429,tambura,5.6,27.4667,87.1,21.0,79.0,3.6,SS,1675010688.0
431,sabang,5.8933,95.3214,80.08,82.0,97.0,19.82,ID,1675010689.0
432,clyde river,70.4692,-68.5914,-28.25,93.0,30.0,3.62,CA,1675010689.0
433,tyukhtet,56.5389,89.3011,12.02,91.0,100.0,11.52,RU,1675010689.0
434,makakilo city,21.3469,-158.0858,70.12,80.0,75.0,13.8,US,1675010690.0
435,kasongo-lunda,-6.4667,16.8167,72.5,85.0,100.0,1.99,CD,1675010690.0
436,jizan,17.3333,42.6667,79.74,70.0,20.0,4.34,SA,1675010690.0
437,green river,41.5286,-109.4662,0.0,95.0,100.0,15.1,US,1675010690.0
438,viedma,-40.8135,-62.9967,100.54,13.0,0.0,16.84,AR,1675010690.0
439,constitucion,-35.3333,-72.4167,69.96,65.0,16.0,11.03,CL,1675010690.0
440,jati,24.3539,68.2671,65.88,51.0,0.0,8.95,PK,1675010690.0
441,la rioja,42.25,-2.5,31.78,87.0,100.0,4.9,ES,1675010690.0
442,jedrzejow,50.6394,20.3045,33.37,59.0,100.0,7.0,PL,1675010691.0
443,santa marinella,42.0345,11.8536,48.11,69.0,1.0,10.65,IT,1675010691.0
444,flin flon,54.7682,-101.865,-20.36,63.0,0.0,10.36,CA,1675010691.0
445,xining,36.6167,101.7667,26.96,25.0,0.0,0.51,CN,1675010691.0
446,kaeo,-35.1,173.7833,70.32,96.0,100.0,13.31,NZ,1675010691.0
447,saint-louis,16.3333,-15.0,82.96,11.0,70.0,10.2,SN,1675010691.0
448,sibu,2.3,111.8167,75.51,94.0,40.0,2.3,MY,1675010450.0
449,mabaruma,8.2,-59.7833,83.77,41.0,12.0,6.46,GY,1675010692.0
450,esmeraldas,-19.7625,-44.3139,89.71,68.0,50.0,4.09,BR,1675010697.0
451,chumikan,54.7183,135.315,-14.3,85.0,9.0,22.68,RU,1675010697.0
452,marrakesh,31.6315,-8.0083,60.87,41.0,20.0,4.61,MA,1675010403.0
453,mount gambier,-37.8333,140.7667,52.54,91.0,2.0,4.76,AU,1675010697.0
454,beringovskiy,63.05,179.3167,22.55,95.0,100.0,11.12,RU,1675010697.0
456,college,64.8569,-147.8028,28.2,91.0,100.0,8.05,US,1675010697.0
457,mercedes,-34.6515,-59.4307,88.03,29.0,0.0,11.56,AR,1675010697.0
458,tarakan,3.3,117.6333,76.5,94.0,40.0,4.61,ID,1675010444.0
459,acarau,-2.8856,-40.12,84.63,62.0,32.0,14.9,BR,1675010698.0
460,scarborough,54.2797,-0.4044,46.65,88.0,93.0,8.01,GB,1675010641.0
461,naze,28.3667,129.4833,49.12,60.0,71.0,13.44,JP,1675010698.0
463,sovetskiy,61.3614,63.5842,8.22,94.0,89.0,5.48,RU,1675010698.0
464,devonport,-41.1667,146.35,63.01,86.0,23.0,6.67,AU,1675010699.0
465,milkovo,54.7167,158.6167,15.46,88.0,100.0,7.14,RU,1675010699.0
466,rodbyhavn,54.6544,11.352,41.11,92.0,100.0,23.06,DK,1675010699.0
467,schattdorf,46.8655,8.6547,38.32,95.0,94.0,3.27,CH,1675010699.0
468,okha,53.5739,142.9478,-15.14,93.0,81.0,17.16,RU,1675010699.0
469,miyako,39.6367,141.9525,26.78,65.0,27.0,3.89,JP,1675010699.0
471,grants,35.1473,-107.8514,30.43,43.0,0.0,11.5,US,1675010700.0
472,pringsewu,-5.3582,104.9744,73.67,97.0,100.0,2.26,ID,1675010700.0
473,labuhan,-6.8844,112.2051,78.01,87.0,100.0,5.32,ID,1675010700.0
474,coronel vivida,-25.9797,-52.5678,77.79,63.0,98.0,4.47,BR,1675010700.0
475,isnos,1.9356,-76.2406,75.36,38.0,98.0,4.7,CO,1675010701.0
477,north branch,45.5113,-92.9802,1.51,72.0,68.0,5.01,US,1675010701.0
479,jalu,29.0331,21.5482,59.59,40.0,0.0,9.1,LY,1675010702.0
480,ust-ilimsk,58.0006,102.6619,16.92,94.0,100.0,8.48,RU,1675010702.0
481,kambove,-10.8764,26.5969,63.73,91.0,70.0,2.62,CD,1675010702.0
482,sao filipe,14.8961,-24.4956,72.0,70.0,83.0,15.66,CV,1675010438.0
484,lubango,-14.9172,13.4925,64.78,81.0,99.0,0.29,AO,1675010703.0
485,veraval,20.9,70.3667,66.88,42.0,0.0,13.44,IN,1675010703.0
486,awjilah,29.1081,21.2869,59.4,37.0,0.0,9.71,LY,1675010703.0
487,haines junction,60.7522,-137.5108,-1.39,100.0,83.0,1.05,CA,1675010703.0
488,abu samrah,35.3029,37.1841,50.94,74.0,58.0,6.15,SY,1675010703.0
489,lukovetskiy,64.2956,41.9211,20.93,94.0,100.0,9.22,RU,1675010703.0
490,adre,13.4667,22.2,83.75,12.0,67.0,6.31,TD,1675010704.0
491,sancti spiritus,21.9297,-79.4425,85.77,39.0,14.0,17.63,CU,1675010704.0
492,mukdahan,16.5833,104.5,53.83,59.0,10.0,13.04,TH,1675010656.0
493,ketchikan,55.3422,-131.6461,30.18,86.0,0.0,0.0,US,1675010704.0
494,hay river,60.8156,-115.7999,-4.02,71.0,75.0,9.22,CA,1675010704.0
496,lisa,43.8,25.1333,35.71,91.0,100.0,5.21,RO,1675010705.0
497,sisimiut,66.9395,-53.6735,16.12,73.0,100.0,16.67,GL,1675010705.0
498,reconquista,-29.15,-59.65,100.18,24.0,19.0,8.41,AR,1675010705.0
499,finschhafen,-6.6024,147.8681,80.02,80.0,76.0,3.04,PG,1675010705.0
500,tutoia,-2.7619,-42.2744,85.46,61.0,43.0,14.29,BR,1675010710.0
501,dharchula,29.85,80.5333,53.35,38.0,59.0,6.93,IN,1675010711.0
502,pipar,26.3856,73.5378,60.24,85.0,63.0,13.44,IN,1675010711.0
503,lakhdenpokhya,61.5198,30.1992,30.07,93.0,99.0,10.36,RU,1675010711.0
505,puerto escondido,15.85,-97.0667,84.42,47.0,0.0,6.71,MX,1675010711.0
506,alingsas,57.9303,12.5335,40.71,89.0,100.0,16.22,SE,1675010711.0
507,greifswald,54.1,13.3833,39.07,100.0,100.0,19.39,DE,1675010712.0
508,kisangani,0.5167,25.2,69.66,90.0,79.0,4.25,CD,1675010712.0
509,rawson,-43.3002,-65.1023,86.47,30.0,0.0,7.45,AR,1675010712.0
510,chapais,49.7834,-74.8492,-11.42,84.0,98.0,3.67,CA,1675010712.0
511,aksarka,66.5606,67.7975,-7.04,98.0,100.0,6.42,RU,1675010712.0
512,souillac,-20.5167,57.5167,79.18,89.0,75.0,3.44,MU,1675010712.0
514,seymchan,62.8833,152.4333,-13.09,99.0,100.0,4.85,RU,1675010713.0
515,ejido,8.5514,-71.2375,81.09,39.0,22.0,6.96,VE,1675010713.0
516,viseu,40.661,-7.9097,49.73,56.0,2.0,10.49,PT,1675010713.0
517,pontypool,51.7011,-3.0444,45.84,87.0,85.0,8.75,GB,1675010713.0
518,grand-santi,4.25,-54.3833,81.0,76.0,82.0,1.72,GF,1675010713.0
519,half moon bay,37.4636,-122.4286,50.34,78.0,100.0,20.71,US,1675010713.0
520,varkkallai,8.7341,76.7067,82.18,76.0,46.0,3.04,IN,1675010714.0
521,medina,24.4686,39.6142,77.43,23.0,0.0,4.61,SA,1675010714.0
522,hendrina,-26.1588,29.7153,59.36,95.0,65.0,13.82,ZA,1675010714.0
523,smithers,54.7804,-127.1743,-1.88,84.0,20.0,3.44,CA,1675010714.0
524,mufulira,-12.5498,28.2407,65.08,95.0,100.0,5.14,ZM,1675010714.0
525,muros,42.7762,-9.0603,54.68,59.0,7.0,10.83,ES,1675010714.0
526,ordubad,38.9059,46.0234,37.69,90.0,70.0,4.5,AZ,1675010714.0
527,pak phanang,8.3511,100.202,76.78,80.0,100.0,8.5,TH,1675010416.0
528,emba,48.8264,58.1442,5.5,99.0,59.0,4.07,KZ,1675010715.0
531,wad madani,14.4012,33.5199,85.39,18.0,73.0,10.02,SD,1675010716.0
532,camacha,33.0833,-16.3333,56.62,63.0,20.0,8.05,PT,1675010716.0
533,xiangfan,32.0422,112.1448,42.76,41.0,0.0,5.35,CN,1675010717.0
534,yumen,40.2833,97.2,21.79,26.0,86.0,4.56,CN,1675010717.0
535,kinablangan,7.6947,126.5503,76.19,94.0,100.0,5.7,PH,1675010717.0
536,yendi,9.4427,-0.0099,95.86,8.0,95.0,5.01,GH,1675010717.0
537,dubuque,42.4833,-90.8668,12.67,69.0,100.0,18.41,US,1675010717.0
538,buraydah,26.326,43.975,66.65,40.0,39.0,6.51,SA,1675010717.0
540,pitimbu,-7.4706,-34.8086,88.39,67.0,38.0,12.44,BR,1675010717.0
541,toora-khem,52.4675,96.11,-0.56,98.0,100.0,0.81,RU,1675010717.0
542,pangai,-19.8,-174.35,82.4,73.0,88.0,7.36,TO,1675010718.0
543,peleduy,59.6289,112.7406,0.32,98.0,100.0,2.13,RU,1675010718.0
544,urucara,-2.5364,-57.76,80.67,86.0,66.0,2.35,BR,1675010718.0
545,mobile,30.7835,-88.2,71.42,79.0,100.0,4.61,US,1675010718.0
546,kamaishi,39.2667,141.8833,26.85,73.0,46.0,6.17,JP,1675010642.0
547,cubara,7.0008,-72.1085,89.51,30.0,35.0,5.35,CO,1675010718.0
548,mamallapuram,12.6264,80.1722,80.65,84.0,98.0,9.6,IN,1675010718.0
549,vallenar,-28.5708,-70.7581,86.25,33.0,1.0,10.98,CL,1675010718.0
550,maniitsoq,65.4167,-52.9,21.04,90.0,100.0,18.86,GL,1675010723.0
551,magdagachi,53.45,125.8,-28.73,100.0,90.0,2.01,RU,1675010724.0
552,caririacu,-7.0422,-39.2836,84.29,42.0,40.0,9.22,BR,1675010724.0
553,mayor pablo lagerenza,-19.9309,-60.7718,95.4,41.0,96.0,1.16,PY,1675010724.0
555,mount isa,-20.7333,139.5,80.37,69.0,69.0,5.75,AU,1675010724.0
556,shimanovsk,52.0,127.7,-25.37,100.0,93.0,0.83,RU,1675010724.0
557,birao,10.2849,22.7882,86.61,12.0,73.0,5.91,CF,1675010725.0
558,great falls,47.5002,-111.3008,-4.34,73.0,100.0,9.22,US,1675010725.0
559,rehoboth,-23.3167,17.0833,89.94,19.0,11.0,9.37,NA,1675010725.0
560,nenjiang,49.1833,125.2167,-24.18,100.0,97.0,1.36,CN,1675010725.0
561,kars,40.602,43.095,21.65,93.0,100.0,0.0,TR,1675010576.0
562,nakhon phanom,17.3333,104.4167,51.67,58.0,11.0,7.25,TH,1675010596.0
563,ajtos,42.7,27.25,35.02,82.0,100.0,2.84,BG,1675010725.0
564,ryotsu,38.0833,138.4333,32.95,80.0,100.0,10.11,JP,1675010726.0
565,cheney,47.4874,-117.5758,12.79,59.0,20.0,10.36,US,1675010726.0
566,pacific grove,36.6177,-121.9166,48.78,90.0,100.0,8.99,US,1675010726.0
567,banda aceh,5.5577,95.3222,77.05,88.0,95.0,9.46,ID,1675010726.0
568,high level,58.5169,-117.136,-12.89,84.0,100.0,2.3,CA,1675010726.0
569,hervey bay,-25.2986,152.8535,75.52,76.0,100.0,4.14,AU,1675010726.0
570,oshkosh,44.0247,-88.5426,15.89,70.0,20.0,10.36,US,1675010726.0
571,surt,31.2089,16.5887,56.84,37.0,0.0,8.46,LY,1675010726.0
572,novikovo,51.1537,37.8879,25.65,95.0,88.0,1.79,RU,1675010726.0
573,bojnurd,37.4747,57.329,39.15,48.0,0.0,0.0,IR,1675010727.0
574,khandbari,27.3747,87.2039,56.71,57.0,9.0,3.33,NP,1675010727.0
575,porto,41.1496,-8.611,54.45,52.0,0.0,7.0,PT,1675010727.0
576,floresta,-8.6011,-38.5686,96.89,19.0,9.0,14.99,BR,1675010727.0
577,isangel,-19.55,169.2667,78.94,85.0,29.0,3.49,VU,1675010727.0
578,canavieiras,-15.675,-38.9472,85.96,57.0,38.0,7.78,BR,1675010727.0
579,cap malheureux,-19.9842,57.6142,82.47,80.0,99.0,3.38,MU,1675010728.0
580,komsomolskiy,40.4272,71.7189,30.92,74.0,100.0,2.3,UZ,1675010728.0
581,vao,-22.6667,167.4833,76.19,76.0,94.0,9.15,NC,1675010728.0
582,vila velha,-20.3297,-40.2925,87.75,73.0,40.0,17.27,BR,1675010728.0
583,vilhena,-12.7406,-60.1458,79.02,73.0,75.0,5.75,BR,1675010728.0
584,lodja,-3.4833,23.4333,70.65,98.0,96.0,2.06,CD,1675010728.0
585,santa maria,-29.6842,-53.8069,85.3,58.0,40.0,6.91,BR,1675010728.0
586,pandan,14.0453,124.1694,76.48,89.0,100.0,19.93,PH,1675010728.0
587,whitehorse,60.7161,-135.0538,14.77,73.0,40.0,5.75,CA,1675010728.0
588,revelstoke,50.9832,-118.2023,10.42,67.0,75.0,10.36,CA,1675010728.0
589,dekar,-21.5333,21.9333,83.14,39.0,81.0,3.38,BW,1675010729.0
590,riyadh,24.6877,46.7219,66.34,40.0,3.0,5.88,SA,1675010729.0
591,hofn,64.2539,-15.2082,37.42,60.0,75.0,25.32,IS,1675010729.0
592,kushmurun,52.4503,64.6311,-1.35,99.0,59.0,7.45,KZ,1675010729.0
593,port hawkesbury,45.6169,-61.3485,37.18,56.0,0.0,13.8,CA,1675010729.0
594,sioux lookout,50.1001,-91.917,-18.33,76.0,20.0,5.75,CA,1675010729.0
595,quelimane,-17.8786,36.8883,85.95,84.0,20.0,10.36,MZ,1675010729.0
596,abha,18.2164,42.5053,58.82,77.0,20.0,9.22,SA,1675010729.0
597,cockburn town,21.4612,-71.1419,80.56,54.0,40.0,16.11,TC,1675010730.0
598,hami,42.8,93.45,20.25,32.0,97.0,2.98,CN,1675010548.0
599,lamesa,32.7376,-101.951,41.56,51.0,98.0,14.16,US,1675010730.0
600,palmer,42.1584,-72.3287,51.24,63.0,100.0,10.69,US,1675010735.0
601,buchanan,5.8808,-10.0467,82.87,67.0,76.0,9.48,LR,1675010735.0
602,tilichiki,60.4667,166.1,31.98,88.0,100.0,37.04,RU,1675010735.0
603,harper,4.375,-7.7169,82.13,72.0,100.0,6.98,LR,1675010735.0
604,catuday,16.2923,119.8062,73.72,70.0,6.0,9.71,PH,1675010735.0
605,bandarbeyla,9.4942,50.8122,75.63,69.0,10.0,21.45,SO,1675010735.0
606,lokoja,7.8024,6.743,92.17,37.0,80.0,4.56,NG,1675010735.0
607,svencionys,55.15,26.1667,30.27,96.0,100.0,11.41,LT,1675010736.0
608,mayo,38.8876,-76.5119,52.45,56.0,75.0,10.36,US,1675010736.0
609,sao gabriel da cachoeira,-0.1303,-67.0892,75.0,100.0,100.0,3.44,BR,1675010736.0
610,gubkinskiy,64.434,76.5026,-18.38,99.0,10.0,8.77,RU,1675010736.0
611,otane,-39.8833,176.6333,66.0,95.0,98.0,3.24,NZ,1675010736.0
612,manga,11.6636,-1.0731,90.14,8.0,87.0,4.65,BF,1675010736.0
613,oranjestad,12.524,-70.027,80.55,69.0,75.0,18.41,AW,1675010647.0
614,lahij,13.1667,44.5833,71.2,80.0,96.0,9.8,YE,1675010736.0
616,udachnyy,66.4167,112.4,-29.56,66.0,94.0,3.49,RU,1675010737.0
